{"cameraMode":{"drawMode":0,"name":"Shaded","section":"Shading Mode"},"sceneLighting":false,"audioPlay":false,"sceneViewState":{"m_AlwaysRefresh":false,"showFog":true,"showSkybox":false,"showFlares":true,"showImageEffects":true,"showParticleSystems":true,"showVisualEffectGraphs":true,"m_FxEnabled":true},"in2DMode":false,"pivot":{"x":-0.2280234694480896,"y":-0.1743612289428711,"z":0.310866117477417},"rotation":{"x":-0.14263004064559937,"y":-0.0029803654178977014,"z":0.0003588080289773643,"w":-0.9898342490196228},"size":1.120307207107544,"orthographic":true}