{"cameraMode":{"drawMode":0,"name":"Shaded","section":"Shading Mode"},"sceneLighting":false,"audioPlay":false,"sceneViewState":{"m_AlwaysRefresh":false,"showFog":false,"showSkybox":false,"showFlares":false,"showImageEffects":false,"showParticleSystems":false,"showVisualEffectGraphs":true,"m_FxEnabled":true},"in2DMode":false,"pivot":{"x":-5.960464477539063e-8,"y":0.9671365022659302,"z":0.033965617418289188},"rotation":{"x":0.2175690233707428,"y":-0.4145597517490387,"z":0.10279303044080734,"w":0.8776553273200989},"size":1.2869985103607178,"orthographic":false}