{"cameraMode":{"drawMode":0,"name":"Shaded","section":"Shading Mode"},"sceneLighting":false,"audioPlay":false,"sceneViewState":{"m_AlwaysRefresh":false,"showFog":true,"showSkybox":false,"showFlares":true,"showImageEffects":true,"showParticleSystems":true,"showVisualEffectGraphs":true,"m_FxEnabled":true},"in2DMode":false,"pivot":{"x":-1.0299999713897706,"y":0.09999999403953552,"z":0.0070000141859054569},"rotation":{"x":-0.2862536311149597,"y":-0.6427254676818848,"z":0.28192174434661868,"w":-0.652433454990387},"size":1.067707896232605,"orthographic":true}