{"cameraMode":{"drawMode":0,"name":"Shaded","section":"Shading Mode"},"sceneLighting":true,"audioPlay":false,"sceneViewState":{"m_AlwaysRefresh":false,"showFog":true,"showSkybox":true,"showFlares":true,"showImageEffects":true,"showParticleSystems":true,"showVisualEffectGraphs":true,"m_FxEnabled":true},"in2DMode":false,"pivot":{"x":0.033945322036743167,"y":0.7852945327758789,"z":-0.08670812845230103},"rotation":{"x":-0.0982026532292366,"y":0.6522156000137329,"z":-0.08585978299379349,"w":-0.7468050718307495},"size":0.6693543195724487,"orthographic":true}