{"cameraMode":{"drawMode":0,"name":"Shaded","section":"Shading Mode"},"sceneLighting":false,"audioPlay":false,"sceneViewState":{"m_AlwaysRefresh":false,"showFog":true,"showSkybox":true,"showFlares":true,"showImageEffects":true,"showParticleSystems":true,"showVisualEffectGraphs":true,"m_FxEnabled":true},"in2DMode":false,"pivot":{"x":0.2777352035045624,"y":-3.3357694149017336,"z":10.381840705871582},"rotation":{"x":-0.2839331328868866,"y":-0.17225994169712068,"z":0.05193197727203369,"w":-0.9418126940727234},"size":17.207136154174806,"orthographic":false}