{"cameraMode":{"drawMode":0,"name":"Shaded","section":"Shading Mode"},"sceneLighting":false,"audioPlay":false,"sceneViewState":{"m_AlwaysRefresh":false,"showFog":true,"showSkybox":true,"showFlares":true,"showImageEffects":true,"showParticleSystems":true,"showVisualEffectGraphs":true,"m_FxEnabled":true},"in2DMode":false,"pivot":{"x":-0.2343907356262207,"y":-0.9610216617584229,"z":-0.04759734869003296},"rotation":{"x":0.16635262966156007,"y":-0.6147736310958862,"z":0.1346937119960785,"w":0.7591322064399719},"size":2.464120388031006,"orthographic":false}