{"cameraMode":{"drawMode":0,"name":"Shaded","section":"Shading Mode"},"sceneLighting":false,"audioPlay":false,"sceneViewState":{"m_AlwaysRefresh":false,"showFog":true,"showSkybox":true,"showFlares":true,"showImageEffects":true,"showParticleSystems":true,"showVisualEffectGraphs":true,"m_FxEnabled":true},"in2DMode":false,"pivot":{"x":1.0270156860351563,"y":0.6798944473266602,"z":0.9832550287246704},"rotation":{"x":-0.484524667263031,"y":0.18784596025943757,"z":-0.10738156735897064,"w":-0.8475962281227112},"size":0.8660253882408142,"orthographic":false}