{"cameraMode":{"drawMode":0,"name":"Shaded","section":"Shading Mode"},"sceneLighting":true,"audioPlay":false,"sceneViewState":{"m_AlwaysRefresh":false,"showFog":true,"showSkybox":true,"showFlares":true,"showImageEffects":true,"showParticleSystems":true,"showVisualEffectGraphs":true,"m_FxEnabled":true},"in2DMode":false,"pivot":{"x":0.07234559953212738,"y":0.693371593952179,"z":-0.006266176700592041},"rotation":{"x":-0.1637410670518875,"y":-0.26884305477142336,"z":0.04639148339629173,"w":-0.9480876326560974},"size":1.4059031009674073,"orthographic":true}