{"cameraMode":{"drawMode":0,"name":"Shaded","section":"Shading Mode"},"sceneLighting":false,"audioPlay":false,"sceneViewState":{"m_AlwaysRefresh":false,"showFog":true,"showSkybox":true,"showFlares":true,"showImageEffects":true,"showParticleSystems":true,"showVisualEffectGraphs":true,"m_FxEnabled":true},"in2DMode":false,"pivot":{"x":0.8128908276557922,"y":-6.88600492477417,"z":1.5053322315216065},"rotation":{"x":-0.0018668982665985823,"y":-0.7220037579536438,"z":0.6918998956680298,"w":-0.0019407494692131878},"size":6.27748966217041,"orthographic":false}