{"cameraMode":{"drawMode":0,"name":"Shaded","section":"Shading Mode"},"sceneLighting":false,"audioPlay":false,"sceneViewState":{"m_AlwaysRefresh":false,"showFog":true,"showSkybox":false,"showFlares":true,"showImageEffects":true,"showParticleSystems":true,"showVisualEffectGraphs":true,"m_FxEnabled":true},"in2DMode":false,"pivot":{"x":2.0299999713897707,"y":0.09999999403953552,"z":3.009999990463257},"rotation":{"x":0.2447657287120819,"y":-0.6934739351272583,"z":0.27366092801094057,"w":0.6200593113899231},"size":1.067707896232605,"orthographic":true}