{"cameraMode":{"drawMode":0,"name":"Shaded","section":"Shading Mode"},"sceneLighting":false,"audioPlay":false,"sceneViewState":{"m_AlwaysRefresh":false,"showFog":true,"showSkybox":false,"showFlares":true,"showImageEffects":true,"showParticleSystems":true,"showVisualEffectGraphs":true,"m_FxEnabled":true},"in2DMode":false,"pivot":{"x":-0.007638812065124512,"y":0.3937791585922241,"z":0.0010113716125488282},"rotation":{"x":-0.0982026532292366,"y":0.6522156000137329,"z":-0.08585978299379349,"w":-0.7468050718307495},"size":1.506070852279663,"orthographic":true}