{"cameraMode":{"drawMode":0,"name":"Shaded","section":"Shading Mode"},"sceneLighting":false,"audioPlay":false,"sceneViewState":{"m_AlwaysRefresh":false,"showFog":true,"showSkybox":false,"showFlares":true,"showImageEffects":true,"showParticleSystems":true,"showVisualEffectGraphs":true,"m_FxEnabled":true},"in2DMode":false,"pivot":{"x":0.001973867416381836,"y":-0.009511634707450867,"z":1.043081283569336e-7},"rotation":{"x":-0.15386360883712769,"y":0.6660032272338867,"z":-0.14327412843704225,"w":-0.7157915830612183},"size":11.268269538879395,"orthographic":true}