{"cameraMode":{"drawMode":0,"name":"Shaded","section":"Shading Mode"},"sceneLighting":false,"audioPlay":false,"sceneViewState":{"m_AlwaysRefresh":false,"showFog":true,"showSkybox":false,"showFlares":true,"showImageEffects":true,"showParticleSystems":true,"showVisualEffectGraphs":true,"m_FxEnabled":true},"in2DMode":false,"pivot":{"x":-0.009999990463256836,"y":-0.30000001192092898,"z":0.019999995827674867},"rotation":{"x":-0.2862536311149597,"y":-0.6427254676818848,"z":0.28192174434661868,"w":-0.652433454990387},"size":0.8124038577079773,"orthographic":true}